Time,header.seq,header.frame_id,child_frame_id,pose.x,pose.y,pose.z,orientation.x,orientation.y,orientation.z,orientation.w,linear.x,linear.y,linear.z,angular.x,angular.y,angular.z
819.022,24568,odom,base_footprint,0.4545004979156746,-1.9930439096841308,-0.001001798675119344,0.0009323219507496942,-0.0037421838554293797,-0.2406139450873746,-0.9706132372192656,-2.5136391169138693e-07,2.728179427604826e-06,0.0
819.055,24569,odom,base_footprint,0.4545004716076497,-1.993043875087395,-0.0010017986753321634,0.0009323231803867973,-0.003742183550632742,-0.24061426357627264,-0.9706131582661595,-2.5136759271516305e-07,2.728202802415213e-06,0.0
819.089,24570,odom,base_footprint,0.4545004445022757,-1.9930438394421404,-0.001001798675551488,0.0009323244472913021,-0.0037421832365984974,-0.2406145917176909,-0.9706130769200864,-2.5137135512626445e-07,2.7282268273680888e-06,0.0
819.122,24571,odom,base_footprint,0.4545004181939855,-1.9930438048451449,-0.0010017986757643142,0.0009323256769386038,-0.0037421829317986293,-0.24061491020920864,-0.9706129979661058,-2.513749648530118e-07,2.7282502273960893e-06,0.0
819.155,24572,odom,base_footprint,0.45450039188556535,-1.9930437702480228,-0.0010017986759772203,0.0009323269065913236,-0.003742182626997601,-0.24061522870200702,-0.9706129190116966,-2.5137854364958007e-07,2.7282733780449673e-06,0.0
819.189,24573,odom,base_footprint,0.454500364779783,-1.9930437346023684,-0.0010017986761964928,0.0009323281735109183,-0.003742182312957866,-0.24061555684746294,-0.9706128376642763,-2.5138225139309267e-07,2.7282975389310133e-06,0.0
819.222,24574,odom,base_footprint,0.4545003384710979,-1.993043700004986,-0.0010017986764094093,0.0009323294031738552,-0.003742182008153384,-0.24061587534288237,-0.9706127587089923,-2.5138591656450933e-07,2.728320807242183e-06,0.0
819.255,24575,odom,base_footprint,0.45450031216228154,-1.9930436654074764,-0.0010017986766222287,0.0009323306328411825,-0.0037421817033467374,-0.2406161938395996,-0.9706126797532755,-2.5138959982805274e-07,2.7283441966931787e-06,0.0
819.289,24576,odom,base_footprint,0.4547051420709644,-1.9929349600895072,-0.0010008394450314838,0.0009262266569324488,-0.0037339937078898996,-0.23850710345886203,-0.9711331324771251,0.013545704254729998,6.90732747767207e-05,0.0
819.33,24577,odom,base_footprint,0.45531273516653215,-1.9926184448000586,-0.0010008881356173074,0.0009043067045451132,-0.0037395640653201615,-0.232721617128506,-0.9725357817638786,0.027888752356743936,0.00013169815537262403,0.0
819.374,24578,odom,base_footprint,0.4563700261196767,-1.992088883759345,-0.001000964345869361,0.000869786877379814,-0.0037480854765205604,-0.22362373199680055,-0.9746679546460281,0.04369280536271691,0.00018876204602707308,0.0
819.422,24579,odom,base_footprint,0.45799109897341855,-1.9913222007674614,-0.001001081946034526,0.0008230670367813862,-0.0037592579001595014,-0.2113098913501055,-0.9774115409377463,0.061685573467851175,0.00024733633592675594,0.0
819.422,24580,odom,base_footprint,0.4601448844360361,-1.9903754473899766,-0.0010012237437738644,0.0007695329142482365,-0.0037714073484145425,-0.19716956026570648,-0.980361845856077,0.08069569660717191,0.0002748371131002271,0.0
819.47,24581,odom,base_footprint,0.4629274231859921,-1.989253594148119,-0.0010013830703798042,0.0007109755981597906,-0.003783921927330531,-0.18169667391676128,-0.983347087826131,0.10071981911036859,0.00028924391918535436,0.0
819.489,24582,odom,base_footprint,0.4664828011432537,-1.9879548574277515,-0.0010015444194776783,0.0006489128517891109,-0.0037963578314950492,-0.1653716322105151,-0.986223803119432,0.12118545045123078,0.00031360951717496893,0.0
819.53,24583,odom,base_footprint,0.4705781012226619,-1.9866061293353021,-0.0010017143279133604,0.0005909479724427208,-0.003807371571564495,-0.15027014501943248,-0.9886374655140522,0.13921685744294116,0.00027581561041107455,0.0
819.574,24584,odom,base_footprint,0.4752346716157819,-1.9852209484941516,-0.0010018524659213338,0.0005401786610938412,-0.0038164371096205438,-0.1371835277381568,-0.990538148044848,0.1542006654184841,0.0002507509551199008,0.0
819.618,24585,odom,base_footprint,0.48050439564692604,-1.9837886503218785,-0.001000953787513064,0.0004943972425598978,-0.003817638366566252,-0.1272352707707619,-0.9918650952022454,0.16619918003137715,0.00016866736534633386,0.0
819.661,24586,odom,base_footprint,0.4856617531388655,-1.9824871322579452,-0.001001660711450747,0.00046379458453539276,-0.0038269719849434274,-0.11819409415078072,-0.9929830287008365,0.15997393809574342,0.0001916202602432887,0.0
819.662,24587,odom,base_footprint,0.49061768291976554,-1.9813394997459046,-0.001001666694552518,0.0004224251566204443,-0.0038318974545023033,-0.10745829680257529,-0.9942021185690436,0.15271985386807255,0.00022190482349641882,0.0
819.705,24588,odom,base_footprint,0.49599589558565527,-1.9802185937245715,-0.0010009260378246523,0.00037852593721827364,-0.003829401147474458,-0.09734112325363213,-0.9952436375725733,0.17037909146416652,0.0001781316488144169,0.0
819.722,24589,odom,base_footprint,0.5018267560789639,-1.9791138505216705,-0.0010015163100790397,0.0003499656508317321,-0.003837404612066921,-0.08943848721126144,-0.9959848938890828,0.18790550175086151,0.0001314497913147139,0.0
819.765,24590,odom,base_footprint,0.5081365165936308,-1.9780083224315514,-0.0010015155101275805,0.0003280925331755507,-0.0038392528912550372,-0.08393487137077042,-0.99646379254868,0.19969983776290742,8.119039030263925e-05,0.0
819.809,24591,odom,base_footprint,0.5145924389779708,-1.9769393341487973,-0.00100152601201383,0.0003119282634919997,-0.0038417455889556778,-0.07943548312357747,-0.9968325575102933,0.19098360739478032,9.678223438493519e-05,0.0
819.857,24592,odom,base_footprint,0.5208196328418763,-1.9759673713272723,-0.0010015557253127,0.00029421008419526273,-0.0038433657688977624,-0.0748650087078735,-0.9971862275679317,0.19100565686649293,0.00010845241167389483,0.0
819.857,24593,odom,base_footprint,0.5270558640015816,-1.9750522732038978,-0.0010016172546960488,0.00027667407803460235,-0.003845124501341152,-0.07028667488245383,-0.9975193841740582,0.1910149636420647,0.00010614247806627411,0.0
819.901,24594,odom,base_footprint,0.5334873828914471,-1.9741652589277,-0.0010018568703663022,0.00026083801742074155,-0.0038480771783409302,-0.06637073997546902,-0.9977875771629285,0.19180681200509847,9.450870665191069e-05,0.0
819.922,24595,odom,base_footprint,0.5397656179939849,-1.9733470762581666,-0.0010012054572592945,0.00025218451907943864,-0.003842703608286574,-0.06279320349794727,-0.9980191298900098,0.19213170664857357,8.421369273981308e-05,0.0
819.965,24596,odom,base_footprint,0.5460988408868019,-1.9725666182451316,-0.0010012975020450496,0.00024036385405956946,-0.003843882444572364,-0.05955930800848753,-0.9982173388709095,0.19501216544612998,6.543161933390482e-05,0.0
820.013,24597,odom,base_footprint,0.5526592955001303,-1.9717912890710725,-0.0010013812530124226,0.00023589603896734596,-0.003844437938782324,-0.05824146566808852,-0.9982950948125643,0.1968589606538719,1.4841000500611518e-05,0.0
820.057,24598,odom,base_footprint,0.5592441486957325,-1.9710191092770857,-0.0010016289084642735,0.00023733371029994768,-0.0038463800308984977,-0.058781539314882426,-0.9982634320003617,0.20465246266995837,-3.4454653391916695e-05,0.0
820.057,24599,odom,base_footprint,0.5659478419721788,-1.9702178241486779,-0.0010018999637845631,0.00024198129607603635,-0.0038490217826812733,-0.06018031724286203,-0.9981800718772726,0.2045503133752272,-1.613322892513383e-05,0.0
820.101,24600,odom,base_footprint,0.5730268386292124,-1.969342651441456,-0.0010017056188563085,0.0002537408744891914,-0.0038472948641860073,-0.06349602681026864,-0.9979746432235171,0.21346503596700372,-9.295843165926798e-05,0.0
820.122,24601,odom,base_footprint,0.5800034052847663,-1.9684187655184375,-0.0010008243320783414,0.00026708162980864394,-0.0038398174506074022,-0.06837927228283122,-0.9976519731807378,0.2136361746577558,-9.651019971461394e-05,0.0
820.169,24602,odom,base_footprint,0.5870330477026368,-1.9674191945202284,-0.0010008140551295043,0.00028447428354434594,-0.003838199814060045,-0.07291153207045639,-0.9973309860761914,0.2171229415874961,-7.183099778057533e-05,0.0
820.213,24603,odom,base_footprint,0.594354470145989,-1.9663162747179737,-0.0010014909618271464,0.0003025417860430144,-0.0038419910854437466,-0.07667840648588244,-0.9970484288898673,0.21796963549930604,-8.085208969122598e-05,0.0
820.257,24604,odom,base_footprint,0.6014594268901262,-1.9651924423782718,-0.0010014526841239796,0.00031600986648029703,-0.003840686248541103,-0.08029476220826061,-0.9967637134390595,0.2179971017968913,-8.364464774263808e-05,0.0
820.257,24605,odom,base_footprint,0.6085573289803692,-1.9640169409910273,-0.0010014543479630739,0.00032945661257905513,-0.0038396616575187333,-0.08390978501995425,-0.9964659032975495,0.21804113540320905,-8.223861538741994e-05,0.0
820.301,24606,odom,base_footprint,0.6158377061840168,-1.962748365582111,-0.0010014771358481458,0.0003478915838323878,-0.003838333551507853,-0.08882017311457918,-0.9960402215848965,0.21739281513109013,-0.0001080077308839994,0.0
820.322,24607,odom,base_footprint,0.622892634407709,-1.9614472202323652,-0.001001522960085783,0.0003661719532974465,-0.0038370112785799534,-0.0936600155587161,-0.9955967781929037,0.21739808520551368,-0.0001100381666509706,0.0
820.365,24608,odom,base_footprint,0.6299331130538447,-1.9600773535689733,-0.001001667151638349,0.00038445594089350684,-0.0038364840718769096,-0.09848011956744973,-0.9951315489087744,0.21720053853301446,-9.83777341368175e-05,0.0
820.409,24609,odom,base_footprint,0.637160039981894,-1.9585974993727393,-0.0010015367240678065,0.0004048548161972554,-0.0038331475315703124,-0.10351462876812409,-0.994620462640688,0.2174243541558,-0.00010195889637218403,0.0
820.453,24610,odom,base_footprint,0.6441696024577902,-1.9570884432588074,-0.0010015185542387797,0.00042475384631778483,-0.0038306617225329458,-0.10846254582680315,-0.994093064942969,0.21727517181916145,-0.00010563208678852909,0.0
820.501,24611,odom,base_footprint,0.6511644934328834,-1.9555096691739708,-0.0010015331004734826,0.00044448487974707774,-0.003828445562786188,-0.11340414648084686,-0.9935414661697393,0.21732008628282096,-0.00010654628477958089,0.0
820.501,24612,odom,base_footprint,0.6583759906706135,-1.9538128093623195,-0.001001612125151017,0.000460500476619434,-0.003827089792244267,-0.11735264197272441,-0.9930828257225348,0.21801581319602303,-8.161345221781996e-05,0.0
820.545,24613,odom,base_footprint,0.6653661786609744,-1.9521114251772613,-0.001001685492991053,0.0004755988318086504,-0.0038256680389214467,-0.12109926969401787,-0.9926329155077332,0.21801557666614663,-8.50988709159492e-05,0.0
820.555,24614,odom,base_footprint,0.6723429012023929,-1.950357433389067,-0.0010017799486687802,0.0004906958320031359,-0.003824405932889081,-0.12485134589636117,-0.9921679669112122,0.21799005755511136,-8.766142188574438e-05,0.0
820.597,24615,odom,base_footprint,0.6793051449844765,-1.948563338194053,-0.0010015031117126469,0.0004915770528106353,-0.0038243733691523877,-0.1259220089193831,-0.9920326507681293,0.20381536636582276,4.809911389597882e-05,0.0
820.641,24616,odom,base_footprint,0.6855606658271793,-1.9469640764219733,-0.0010021843026552166,0.00048453504488655944,-0.0038290964575311568,-0.12272154604212357,-0.9924336377728941,0.18824092083250285,9.02261773258195e-05,0.0
820.685,24617,odom,base_footprint,0.6916983983970065,-1.945443272351521,-0.001002103516869201,0.0004746986572196551,-0.0038282398313646644,-0.12043281406757406,-0.9927139852629979,0.1942762812368207,-2.0432946510065553e-05,0.0
820.729,24618,odom,base_footprint,0.6983106346757837,-1.9438040418169593,-0.0010016299115717976,0.0004801764496111625,-0.0038251413234994323,-0.12253589045891806,-0.9924565951586359,0.20453819029526268,-6.517506763314279e-05,0.0
820.729,24619,odom,base_footprint,0.7048496182118582,-1.9421462447152482,-0.0010015596107550533,0.0004899713715435926,-0.0038231785438433722,-0.12534197894750548,-0.9921061090162685,0.20443419035267718,-6.280829932765741e-05,0.0
820.777,24620,odom,base_footprint,0.7113798604066304,-1.9404513021156333,-0.0010015564344711368,0.0005001366017126598,-0.003821954253342224,-0.12814499298383536,-0.9917479535155279,0.20445213220955283,-6.179840824101918e-05,0.0
820.789,24621,odom,base_footprint,0.7181584354083268,-1.9386455832351304,-0.0010016873374121514,0.0005130249722113877,-0.003821245011688899,-0.1320442842322926,-0.991236319902333,0.2084755071086001,-9.542596176615598e-05,0.0
820.832,24622,odom,base_footprint,0.7248160005558734,-1.9368095645553844,-0.0010013694022919621,0.0005331897698812743,-0.003816676038509164,-0.13650297291089009,-0.9906321653768241,0.20943228683340984,-0.00010741303918414269,0.0
820.876,24623,odom,base_footprint,0.7314753950093271,-1.9349078945735807,-0.001000991607214903,0.0005524209601875346,-0.0038095226837745353,-0.1410884598297148,-0.9899895094751678,0.21090082307180602,-9.487620080163989e-05,0.0
820.92,24624,odom,base_footprint,0.7384149939506175,-1.932867154919626,-0.0010018258651553202,0.0005583824801968032,-0.0038172330408924593,-0.1437862018704798,-0.9896012556037805,0.21034689176166016,-3.079884008135719e-05,0.0
820.964,24625,odom,base_footprint,0.7451582989422773,-1.9308514566761916,-0.001001039626775467,0.0005707507242005261,-0.003806748202453675,-0.1459958424553688,-0.9892777147482305,0.21674319055946792,-6.85630507540752e-05,0.0
820.964,24626,odom,base_footprint,0.7520416143800771,-1.9287514171522913,-0.0010014682781569126,0.000582142041742595,-0.003809532559873144,-0.14929547089113374,-0.9887851186904631,0.21819651641327334,-7.49638233561653e-05,0.0
821.008,24627,odom,base_footprint,0.759111440988177,-1.9265374688197945,-0.00100150640354996,0.0005981813440694146,-0.003807210695709353,-0.153315238087943,-0.988169815920237,0.2179130555727637,-8.8288153937785e-05,0.0
821.022,24628,odom,base_footprint,0.7659567725014264,-1.9243331949131792,-0.001001604799878656,0.0006139585969035013,-0.0038054005745694858,-0.1572294630629567,-0.9875545746571388,0.21794495730259336,-8.849091137277942e-05,0.0
821.068,24629,odom,base_footprint,0.772784665984596,-1.9220746812215423,-0.001001706098548473,0.0006296528063682791,-0.003803547879320766,-0.16114450604024158,-0.9869232922238282,0.2179405983176233,-8.987119592797355e-05,0.0
821.116,24630,odom,base_footprint,0.7798121259611165,-1.9196945950266224,-0.0010018572714179247,0.0006416183656337342,-0.0038027114990197143,-0.16405438614918225,-0.9864437571885907,0.21847112785215755,-7.096191198742441e-05,0.0
821.16,24631,odom,base_footprint,0.7866265653672041,-1.9173443043882725,-0.0010020648012949752,0.0006534714789805928,-0.00380220219238344,-0.16678250704669956,-0.9859861619600613,0.21820202411200681,-7.745376661838499e-05,0.0
821.16,24632,odom,base_footprint,0.7933921306740283,-1.9149671771114356,-0.0010010732371625065,0.000657753106304242,-0.003794695823648014,-0.16972166290267277,-0.9854845127073327,0.21693768679004288,-4.611396323245254e-05,0.0
821.204,24633,odom,base_footprint,0.8003510498814743,-1.9124674650076463,-0.0010017171625256345,0.0006768384369831453,-0.0037959611189749237,-0.17378297739958148,-0.9847764260658609,0.21793827569237104,-9.128755144700851e-05,0.0
821.222,24634,odom,base_footprint,0.8070936070527978,-1.909982437380066,-0.001001679960167163,0.0006914068114269012,-0.003793008102668919,-0.17778069257363827,-0.984062579511177,0.2177358783925919,-8.988489906203156e-05,0.0
821.264,24635,odom,base_footprint,0.8138147937853604,-1.9074429100966994,-0.001001712835503342,0.0007058922217477765,-0.0037907730077675933,-0.18176735444800307,-0.9833340025714299,0.21767176749416847,-6.119054007681923e-05,0.0
821.308,24636,odom,base_footprint,0.8207827743150242,-1.9047501940737732,-0.0010018389872438749,0.000717326485994893,-0.003789941041374316,-0.18490336246691116,-0.9827491380500141,0.21906309527085305,-5.799918066613785e-05,0.0
821.352,24637,odom,base_footprint,0.8274923563523184,-1.902114537228864,-0.0010015843839008103,0.000728150587704717,-0.0037856587519008453,-0.18738738777172825,-0.9822785274496352,0.2184900135122856,-5.120786605246341e-05,0.0
821.396,24638,odom,base_footprint,0.8341909608894852,-1.8994439175126667,-0.0010014452879364664,0.0007380755395482864,-0.003782294195956577,-0.18988128679098076,-0.9817994940015575,0.21854015031482024,-5.3902525956966985e-05,0.0
821.396,24639,odom,base_footprint,0.8410406414216179,-1.896661610163146,-0.0010013912870032102,0.0007542503122365784,-0.003778672575921295,-0.19401484864542537,-0.9809910250583964,0.21763333709079602,-9.223385544303297e-05,0.0
821.44,24640,odom,base_footprint,0.8476714073353226,-1.8939010918040322,-0.001001390683994477,0.0007706961789909984,-0.003775239133683767,-0.1982183623159674,-0.9801503121652614,0.21767117125205487,-9.35402305378974e-05,0.0
821.455,24641,odom,base_footprint,0.8542794624236167,-1.891083337167452,-0.0010014239212009883,0.0007872010206814827,-0.0037720470866341735,-0.2024170362962727,-0.9792918336187446,0.21771412407631646,-9.428575187341026e-05,0.0
821.496,24642,odom,base_footprint,0.8610843371338436,-1.8881197905589484,-0.0010015053060522423,0.0007998109724478925,-0.003769989521355817,-0.20557363124232245,-0.9786340631815668,0.21842844396932148,-6.762327310937122e-05,0.0
821.54,24643,odom,base_footprint,0.8676752258589226,-1.8852006316494025,-0.0010016115324843165,0.0008118443530301471,-0.0037681901540064762,-0.2085632410146437,-0.978001286373989,0.21846845080254257,-6.86637250972566e-05,0.0
821.584,24644,odom,base_footprint,0.874248730280477,-1.8822410166617098,-0.0010017370332737266,0.0008238766050035035,-0.0037665369973052102,-0.21155302106419602,-0.9773589175451359,0.2184698495035951,-6.945498193416944e-05,0.0
821.628,24645,odom,base_footprint,0.880686890240665,-1.879297959727939,-0.001000922865670998,0.0008285543256931919,-0.00376136483730809,-0.2136627260614048,-0.9768998951398753,0.19913670017961088,1.958105765896556e-05,0.0
821.628,24646,odom,base_footprint,0.8867846750679539,-1.8764829734126687,-0.0010019897443498023,0.0008420094376292718,-0.0037643401716007754,-0.2158974182533365,-0.9764084317306583,0.20562853236211287,-4.4008998964020773e-05,0.0
821.672,24647,odom,base_footprint,0.8929128247559578,-1.8736146313277053,-0.0010019130484309538,0.0008506691216307174,-0.003762378824774105,-0.2185562974596923,-0.9758167172724265,0.20411320784159406,-4.522709874271724e-05,0.0
821.689,24648,odom,base_footprint,0.8992581621313782,-1.8705963759125082,-0.001000937949977708,0.0008584750387026082,-0.003753077462723331,-0.2222007001830868,-0.9749933467815628,0.20846056338813304,-8.621848017320577e-05,0.0
821.732,24649,odom,base_footprint,0.9055074661715831,-1.8675658042526972,-0.0010012280083159207,0.0008699278361451679,-0.003752673872522824,-0.22545484036765076,-0.9742460036454672,0.2128013662885781,-1.6761627295386328e-05,0.0
821.776,24650,odom,base_footprint,0.9118884326715543,-1.8644287433363806,-0.0010012245508971458,0.0008852807936215959,-0.0037485558628922023,-0.22728637110709665,-0.9738203479676456,0.2173896804432101,-2.1569329610018895e-05,0.0
821.82,24651,odom,base_footprint,0.9184826087817839,-1.8611553611966176,-0.0010011061600945469,0.0008934807055879869,-0.003744960097279704,-0.22973861952734814,-0.9732447501341926,0.21820090307019435,-6.849467044717228e-05,0.0
821.864,24652,odom,base_footprint,0.9249176640648555,-1.8579160846989589,-0.001001464257038353,0.000903031842107545,-0.0037464120688581555,-0.23258712711914026,-0.9725679293646112,0.21829509125172517,-6.208323703518759e-05,0.0
821.864,24653,odom,base_footprint,0.9313340551080519,-1.8546390140088385,-0.0010014029382692663,0.0009140466026236354,-0.003743213866667939,-0.23542920662301012,-0.9718838621654424,0.21833805516467486,-6.302727251324136e-05,0.0
821.908,24654,odom,base_footprint,0.9374544776817803,-1.8514675543262935,-0.001001689531986233,0.000924722228411244,-0.003744473762628642,-0.23854998962869955,-0.9711225598518389,0.19086260520397322,-7.241401083354915e-05,0.0
821.922,24655,odom,base_footprint,0.9429454500838057,-1.848595963515226,-0.001001792714123307,0.0009225532290766159,-0.0037463194147084565,-0.23777573674989755,-0.97131241781387,0.18088712324559592,6.29721330482752e-05,0.0
821.963,24656,odom,base_footprint,0.948432635034086,-1.8457505881431426,-0.001001208241698616,0.0009178434828154889,-0.003739159005390446,-0.23642325386175247,-0.9716425378124892,0.19361972863461877,-4.236066172849662e-06,0.0
822.007,24657,odom,base_footprint,0.9546533511687577,-1.8425318554267835,-0.001001339547516248,0.0009188706353426487,-0.0037400187475294133,-0.23668505497025805,-0.9715787938660713,0.21586993960707374,-2.2072897158595395e-05,0.0
822.051,24658,odom,base_footprint,0.9610597150493785,-1.8392014133823313,-0.0010015760336701887,0.0009259382344959122,-0.003741572519836086,-0.2383297717343064,-0.9711766385053433,0.21916509827189912,-4.0078612019087134e-05,0.0
822.095,24659,odom,base_footprint,0.9674649350412937,-1.835842866863998,-0.0010017175271568313,0.0009331831763465284,-0.0037408630191077385,-0.2400475263315771,-0.9707534806608332,0.2191825543167874,-4.2105078182169686e-05,0.0
822.095,24660,odom,base_footprint,0.9740327068536432,-1.8323608291323197,-0.0010018490622422556,0.0009447465553318844,-0.0037389887830680197,-0.24293108890326026,-0.9700358825636826,0.2185094133226529,-6.986637456396494e-05,0.0
822.139,24661,odom,base_footprint,0.98038175246429,-1.8289455022569583,-0.0010020240862455426,0.0009565955179295915,-0.003737317952083901,-0.24583171721304656,-0.9693048458517192,0.2184268823798611,-7.459739395540566e-05,0.0
822.155,24662,odom,base_footprint,0.986699427480112,-1.8254980556559417,-0.0010021682603474566,0.0009687081353938468,-0.003735555708282005,-0.24879538372909063,-0.9685483799290531,0.21744463506835027,-6.331590100640272e-05,0.0
822.199,24663,odom,base_footprint,0.993050781004947,-1.821979941249755,-0.001001800181026767,0.0009830264495451048,-0.0037288262185749843,-0.25166599030686543,-0.9678064676560577,0.2094807349403321,-0.00011155254219297195,0.0
822.243,24664,odom,base_footprint,0.9989808655090174,-1.8186507697634902,-0.0010013882773605466,0.0009911688363856796,-0.0037233720640407505,-0.2545225290941513,-0.9670591689593391,0.20482026570205716,-6.702767504020157e-05,0.0
822.287,24665,odom,base_footprint,1.004842954633525,-1.8153160091379947,-0.0010012494257379267,0.0009995336175105214,-0.003719642961641731,-0.25713012855559547,-0.9663691128020226,0.20455696970395898,-5.648623963427912e-05,0.0
822.331,24666,odom,base_footprint,1.0109136526447005,-1.81182846973762,-0.0010020121736552048,0.000999686237827275,-0.003727874324866682,-0.257966997312295,-0.9661460199566742,0.20554510060300157,1.744536436736055e-05,0.0
822.331,24667,odom,base_footprint,1.0168657888862824,-1.808407800144624,-0.0010010496403679396,0.0010013705538826777,-0.0037169670137346166,-0.25784054982281024,-0.9661798136373496,0.21093799685035855,-4.777407573722248e-06,0.0
822.375,24668,odom,base_footprint,1.0230119370677404,-1.8048672181825256,-0.0010011597866526195,0.0010059018755090375,-0.0037167151039578083,-0.25925433040235857,-0.9658014114495163,0.21867441625466338,-5.689193303293205e-05,0.0
822.389,24669,odom,base_footprint,1.0294226343977348,-1.801132928195683,-0.0010013825201658014,0.0010176021447822756,-0.0037162808021304586,-0.2623589851489555,-0.9649626503935189,0.21824005308082053,-6.881712931654238e-05,0.0
822.435,24670,odom,base_footprint,1.0356230137789735,-1.7974677370149523,-0.0010013726633968795,0.0010293991514766273,-0.0037128882093608816,-0.2654016261292015,-0.9641302462045818,0.21828350356692866,-6.971404652451885e-05,0.0
822.483,24671,odom,base_footprint,1.0418012577835059,-1.793762849287145,-0.0010014046188143132,0.0010412900339764246,-0.0037098089959660997,-0.2684402204001685,-0.9632886385210757,0.2183278551485805,-6.97343814505813e-05,0.0
822.527,24672,odom,base_footprint,1.0481211903641088,-1.7899088893516517,-0.0010014538684670893,0.001057932543073928,-0.003705484853231264,-0.2727027787558152,-0.9620906114392728,0.2177141003103203,-9.660193380627013e-05,0.0
822.527,24673,odom,base_footprint,1.0542221185281526,-1.7861139512666377,-0.001001548814818818,0.0010744148915549131,-0.003701502129653726,-0.2768985450945386,-0.9608914299956853,0.2177590120630574,-9.61092273325248e-05,0.0
822.575,24674,odom,base_footprint,1.0602908301991092,-1.7822652161465833,-0.0010016870801240509,0.001091013965036171,-0.0036977263224267504,-0.2810885572625034,-0.959674090243483,0.21779892601463524,-9.725415604448784e-05,0.0
822.589,24675,odom,base_footprint,1.0663163443250725,-1.7783743484562375,-0.0010015144453082749,0.0011051612622524796,-0.0036928803356440524,-0.2841362428579373,-0.958776166134717,0.20539810633313738,-1.652799909013236e-05,0.0
822.631,24676,odom,base_footprint,1.0717864321191817,-1.7748086286831921,-0.0010019859845693084,0.001109376287006479,-0.0036950993354561337,-0.285598601113875,-0.9583415646662482,0.19348719821676974,-4.5647314426536245e-05,0.0
822.675,24677,odom,base_footprint,1.0772031343128845,-1.7712529566155029,-0.0010022928130501325,0.001117276501515769,-0.0036944185903581596,-0.2875789094807997,-0.9577491706007019,0.1982308153445833,-8.777683242992829e-05,0.0
822.719,24678,odom,base_footprint,1.082828933150395,-1.767525382883416,-0.0010013000892131196,0.0011203174707857982,-0.0036870729283529705,-0.29038494766501954,-0.9569021541158581,0.1981871873107904,-0.00048315145425706363,0.0
822.763,24679,odom,base_footprint,1.0882692810526327,-1.763870592250267,-0.0010005041661660975,0.001133352857290431,-0.003675197261910786,-0.2930253399693622,-0.9560969399450175,0.19990749986587558,5.653870561325713e-06,0.0
822.763,24680,odom,base_footprint,1.0938121714417843,-1.7601005994901215,-0.0010005083408677548,0.0011423911107141,-0.0036718167985935898,-0.29536338225455494,-0.9553772475452287,0.20703605429119293,-3.141047436333588e-05,0.0
822.807,24681,odom,base_footprint,1.0997423790991896,-1.7560255465635537,-0.0010010833774438052,0.0011562809042788623,-0.0036718499609048666,-0.2979560722966732,-0.9545718199873044,0.21533679288848315,-7.45946716813467e-05,0.0
822.822,24682,odom,base_footprint,1.1056293160126445,-1.751923255518453,-0.0010014494625739563,0.0011695104232381077,-0.003671780805948403,-0.30161631548798146,-0.9534216006062258,0.21776327572854826,-8.65156790412075e-05,0.0
822.863,24683,odom,base_footprint,1.1114935809716942,-1.7477683935475303,-0.0010013943680106385,0.001183662921958316,-0.0036667598002292226,-0.30534278844241414,-0.9522347060262328,0.21779777494801444,-8.613928601622356e-05,0.0
822.907,24684,odom,base_footprint,1.117049351832273,-1.743767033822434,-0.0010015621758732787,0.001197651540802885,-0.0036648544305560773,-0.30906932449404745,-0.9510316961750448,0.18799527107943897,-6.821556916969396e-05,0.0
822.951,24685,odom,base_footprint,1.1223353708134245,-1.7399018386029226,-0.0010013598948848436,0.0012094448691465536,-0.003658006315982971,-0.3121254220510935,-0.950033092656423,0.20307294697034067,-7.562882012149275e-05,0.0
822.994,24686,odom,base_footprint,1.1277552193401168,-1.7358806812565402,-0.0010013857816303547,0.0012232038197255244,-0.0036536813874811077,-0.31568809398336,-0.9488551953285008,0.20458991055074432,-8.228849862386423e-05,0.0
822.994,24687,odom,base_footprint,1.1335798720598802,-1.7314926863292515,-0.0010014733844134933,0.0012348806686174301,-0.0036505501631516907,-0.3186559225030507,-0.9478626227502435,0.21879090060916484,-5.277674001820387e-05,0.0
823.042,24688,odom,base_footprint,1.1393238802159773,-1.7271182780714327,-0.0010015661100469878,0.0012438595583596141,-0.0036482412527441,-0.32093661951436236,-0.9470928304046305,0.21882406138861527,-5.3960626938062695e-05,0.0
823.055,24689,odom,base_footprint,1.1450478001149098,-1.722715508197992,-0.0010017039037738748,0.0012528607379200664,-0.003646303535171544,-0.3232141181945041,-0.9463180060689166,0.21885926779646567,-5.412171286325873e-05,0.0
823.102,24690,odom,base_footprint,1.1509062549520965,-1.7181561537298558,-0.0010018618546873206,0.001265556787936711,-0.0036432250817417075,-0.32641889171913513,-0.9452173466488393,0.21833181492183396,-7.533302549188325e-05,0.0
823.15,24691,odom,base_footprint,1.1565606232275258,-1.7136937377609178,-0.001002038885956024,0.00127787122409991,-0.0036404300039777227,-0.32957687043883765,-0.9441208613235186,0.2182279697790734,-7.796297005879804e-05,0.0
823.194,24692,odom,base_footprint,1.1621727652182345,-1.7092039988714645,-0.0010018449530382369,0.0012913266591908508,-0.003633935142245456,-0.33263527263544934,-0.9430476670824129,0.21712218480521436,-7.781961360847633e-05,0.0
823.194,24693,odom,base_footprint,1.167810142429326,-1.7046377402725337,-0.0010013291803838663,0.0012941539481292348,-0.0036305456264636615,-0.3354925332642282,-0.9420349804693897,0.2097737461552561,-7.208007985412546e-05,0.0
823.242,24694,odom,base_footprint,1.1731192827845898,-1.7002869439347756,-0.0010021438836345133,0.0013136056841065666,-0.003628397263573518,-0.33795758427935524,-0.9411534308503936,0.2061651761618734,-6.53439021001817e-05,0.0
823.255,24695,odom,base_footprint,1.1783203496484183,-1.6959723699329499,-0.0010016290934661137,0.0013217858653048614,-0.003621238367573662,-0.34099734061572,-0.94005635639988,0.20503456478413565,-7.056712669308018e-05,0.0
823.298,24696,odom,base_footprint,1.183742488968409,-1.6914157331266853,-0.0010008240103674994,0.0013265848903169929,-0.0036125545008189215,-0.343669063573165,-0.9390829379587574,0.2116312434500699,-3.610153876305866e-05,0.0
823.342,24697,odom,base_footprint,1.1891807803964147,-1.6868053693313472,-0.0010013279273800857,0.0013349781151003781,-0.00361403160636779,-0.34491801022172613,-0.9386249106185418,0.21959704329446794,-1.0472029211519573e-05,0.0
823.386,24698,odom,base_footprint,1.194699025030664,-1.6821105496934012,-0.001001421377923039,0.0013381325144519727,-0.0036135519861553228,-0.34556248300553055,-0.9383878313269357,0.2195586021097926,-1.558938314386027e-05,0.0
823.43,24699,odom,base_footprint,1.2003444567305672,-1.6772788816549944,-0.0010013744819028086,0.0013471051930902629,-0.0036098716962519456,-0.3479834687108902,-0.9374927517788457,0.2184961411492461,-6.157354887380284e-05,0.0
823.43,24700,odom,base_footprint,1.2057971664666327,-1.6725601416828715,-0.0010013848877188612,0.0013568144401680323,-0.0036063269928205996,-0.350527725217028,-0.9365444289057363,0.21853837793845335,-6.165529926857594e-05,0.0
823.474,24701,odom,base_footprint,1.2112251650803856,-1.6678110065336447,-0.001001424847582328,0.0013665635138548128,-0.0036030083728750685,-0.35306806938907437,-0.9355897013182111,0.21858421919718105,-6.190001465224138e-05,0.0
823.489,24702,odom,base_footprint,1.216798927450877,-1.6628835544289802,-0.0010015098625933937,0.0013752352879962692,-0.0036004591294690716,-0.35530232970788744,-0.9347434941876341,0.2188467468690537,-5.311284418214879e-05,0.0
823.534,24703,odom,base_footprint,1.2221872372183782,-1.658074822740169,-0.0010016184783933693,0.0013836786931124472,-0.003598164557608647,-0.3574615713605566,-0.9339198914497605,0.2188740699814724,-5.1531378458230526e-05,0.0
823.578,24704,odom,base_footprint,1.2275535517819671,-1.6532410277994303,-0.0010017537379120658,0.0013922285429875162,-0.003596005855769316,-0.3596123081362651,-0.9330938421608393,0.2188741366183687,-5.1272718690181796e-05,0.0
823.622,24705,odom,base_footprint,1.2328397767761154,-1.648426314135563,-0.0010008268919297833,0.0014041178000765537,-0.00358502542550732,-0.36289575146078695,-0.9318217906969192,0.20286539229539446,-9.231787537490599e-05,0.0
823.666,24706,odom,base_footprint,1.2376927993956257,-1.6439326205276712,-0.0010020529581819433,0.0014218715173565334,-0.00358708115139772,-0.3671566067314421,-0.9301511367856594,0.19916292322188411,-0.00012175378666352821,0.0
823.666,24707,odom,base_footprint,1.2424191397729172,-1.639481005966457,-0.0010021627309011807,0.0014356861667197676,-0.003583054120379807,-0.3706480848023677,-0.9287653620590822,0.19392312222249775,-7.013888580173488e-05,0.0
823.71,24708,odom,base_footprint,1.2472573809671479,-1.6348622408188809,-0.0010020071221671055,0.0014501451973754514,-0.003574100079043026,-0.37352279601520144,-0.9276129816601951,0.19825412844859636,-8.786618584363803e-05,0.0
823.722,24709,odom,base_footprint,1.25200878345687,-1.6302655598105462,-0.0010008504710955976,0.0014546876623899795,-0.003563846146579239,-0.37689965076786247,-0.9262460991202673,0.20088507270886843,-7.332682749978947e-05,0.0
823.766,24710,odom,base_footprint,1.2567506386175546,-1.6256058207623796,-0.001000833636192279,0.001468327791914739,-0.0035579435834319525,-0.38055263220421187,-0.9247512525935817,0.2025763951159404,-6.666314447752175e-05,0.0
823.809,24711,odom,base_footprint,1.2617382638170722,-1.6206237949603632,-0.0010007985181210398,0.0014830334602602983,-0.003551188131650632,-0.3844429366539285,-0.9231407358206619,0.2106393382249998,-6.991321995926392e-05,0.0
823.858,24712,odom,base_footprint,1.2667133940426853,-1.6155798941609592,-0.0010009550984518903,0.0014945111220859117,-0.0035471972862983,-0.387160385549253,-0.9220043490620161,0.21866141376134812,-3.973765908078797e-05,0.0
823.858,24713,odom,base_footprint,1.2717571480662546,-1.6104161909622812,-0.0010014147147648367,0.0015057885598884267,-0.0035469463247702745,-0.38918844935246577,-0.9211500977925396,0.21873779988138944,-5.0594968176678745e-05,0.0
823.901,24714,odom,base_footprint,1.2765603924474898,-1.6054567276451088,-0.0010013537861569208,0.0015128542417317868,-0.003543852595940487,-0.39102987539336737,-0.9203699196142111,0.19061113993040915,-2.7748756847814637e-05,0.0
823.922,24715,odom,base_footprint,1.2811515757658636,-1.6006837674777694,-0.001001415928930792,0.0015177901259352848,-0.003541864480826236,-0.3923789771240808,-0.9197955695806503,0.20546305781632934,-4.08264298177724e-05,0.0
823.965,24716,odom,base_footprint,1.2858366245893846,-1.595782220416473,-0.0010014558816358841,0.001523542007439061,-0.0035398412347388266,-0.39391561573538164,-0.9191385292890292,0.2054950086642338,-3.796470517690442e-05,0.0
824.009,24717,odom,base_footprint,1.2907701383618546,-1.5905795248339853,-0.001001585875728992,0.0015319713157407266,-0.003536640923849025,-0.39642884589894006,-0.9180573595228665,0.21506493655649989,-8.621556666071895e-05,0.0
824.053,24718,odom,base_footprint,1.2956676843283965,-1.5853412939000406,-0.0010016002981668125,0.0015475283408840652,-0.0035307774597061075,-0.4002170369827332,-0.9164122773486428,0.2178033193089342,-9.311505296116795e-05,0.0
824.097,24719,odom,base_footprint,1.3005304080210347,-1.5800506631874212,-0.001001789961870718,0.0015627450226040806,-0.0035257743745605993,-0.404084153721187,-0.9147136838675184,0.2176873033892902,-6.68202266820711e-05,0.0
824.097,24720,odom,base_footprint,1.305299543446589,-1.5747616338161525,-0.0010017421279606142,0.0015832808438310977,-0.003516182480643699,-0.4096341534171713,-0.9122417388152824,0.2028971412564796,-0.0001817127712554073,0.0
824.141,24721,odom,base_footprint,1.3096823880139878,-1.5697713181977488,-0.0010020034395725672,0.0016076182691063677,-0.0035079529855376627,-0.4154989520074399,-0.9095854719101835,0.198703858621594,-0.00015134528861682206,0.0
824.155,24722,odom,base_footprint,1.313869644540408,-1.5648905141204439,-0.0010020972266811395,0.0016254478441888739,-0.00350087488818487,-0.41999317784070633,-0.9075190534427295,0.1908059773787959,-0.00011941622994006418,0.0
824.197,24723,odom,base_footprint,1.3181412715821332,-1.5598242231063584,-0.0010019275849582794,0.0016414542405417604,-0.0034895142348482563,-0.4232888768692064,-0.9059865648215689,0.19777031088660435,-8.964466019613371e-05,0.0
824.241,24724,odom,base_footprint,1.3223937247468744,-1.5547078643638585,-0.001001954684152033,0.0016545856758514884,-0.0034838225702142965,-0.4265717522838953,-0.9044455016638578,0.2032058951736301,-5.0664352378868016e-05,0.0
824.285,24725,odom,base_footprint,1.326633100957271,-1.549526359899977,-0.0010008206209659934,0.0016590557485936276,-0.003473089130799661,-0.4300998357160399,-0.9027731257093046,0.20287235473512566,-7.366295382767174e-05,0.0
824.329,24726,odom,base_footprint,1.3308650461142408,-1.5442866561492572,-0.001000873853150227,0.0016647942215541006,-0.0034708272953052964,-0.4315674771779858,-0.9020724441309106,0.19764963584379208,4.72178879253049e-06,0.0
824.329,24727,odom,base_footprint,1.335020282681432,-1.5391291351007248,-0.0010008368438166222,0.0016641058797587844,-0.0034701390368300977,-0.4314675699316333,-0.9021202386511329,0.20411021070966553,2.0383952686234275e-05,0.0
824.373,24728,odom,base_footprint,1.3392916989479646,-1.5338417489927059,-0.0010015063468199609,0.0016654627069267228,-0.003475618996488837,-0.4304876345549609,-0.9025882465453656,0.20621688405243674,2.1944563209364e-05,0.0
824.389,24729,odom,base_footprint,1.3435517903819454,-1.5285805733328106,-0.001001431766298251,0.0016666786027275677,-0.003474772964001121,-0.43098572064703894,-0.9023505176668524,0.19567105864218104,-2.4195211539415618e-05,0.0
824.429,24730,odom,base_footprint,1.3475619183803595,-1.5236209482129686,-0.0010014528146236532,0.0016646176623506344,-0.003475554001444933,-0.4304537599284332,-0.9026044040086976,0.19247914923271406,1.5440615324741058e-05,0.0
824.473,24731,odom,base_footprint,1.3515641462249346,-1.5186879408255785,-0.0010014842774615507,0.0016614220995516574,-0.0034774752513081304,-0.4296707106382807,-0.902977423450929,0.19252016065965877,1.604312360407867e-05,0.0
824.517,24732,odom,base_footprint,1.3558307052524876,-1.5134448597080936,-0.0010015870432373668,0.0016594945855878606,-0.003478567667472162,-0.42951219592062373,-0.9030528330059915,0.20307739303901365,-2.2296525957199442e-05,0.0
824.561,24733,odom,base_footprint,1.3600872077639365,-1.50820147450105,-0.0010015919646316138,0.0016644765770847737,-0.003477098718365194,-0.4305350835526764,-0.9025656104309077,0.20483077411685313,-2.6369057354036496e-05,0.0
824.561,24734,odom,base_footprint,1.3643344450851898,-1.5029437614650107,-0.0010017274500668145,0.0016688019012902628,-0.0034762207333522126,-0.4315826255591946,-0.9020651685466298,0.20480465677430232,-5.857522226954126e-06,0.0
824.605,24735,odom,base_footprint,1.3686707667789033,-1.4975460733665493,-0.0010011295475266663,0.0016758547813571416,-0.003466284159306274,-0.4329383496257668,-0.9014153103914954,0.20310075636694758,-1.0411756843964337e-05,0.0
824.622,24736,odom,base_footprint,1.372857659293993,-1.4923043089097932,-0.0010012656390856502,0.001681889180033419,-0.003464736297338248,-0.43418595636821306,-0.9008150321479967,0.20400962568204373,-2.2980154141719056e-05,0.0
824.665,24737,odom,base_footprint,1.3770797626092548,-1.4869838380979217,-0.001001347451277619,0.0016894039098093367,-0.0034613212329297426,-0.43596120343988065,-0.8999572180192805,0.20804936941931862,-4.375429738574799e-05,0.0
824.713,24738,odom,base_footprint,1.3812553802688468,-1.4816758018681786,-0.0010014412999243757,0.0016899307394577631,-0.003466119111080719,-0.43781311723024524,-0.8990577314797639,0.18980251233901604,-2.395612261653357e-05,0.0
824.761,24739,odom,base_footprint,1.3849354503060134,-1.4769723999691526,-0.001001401037582915,0.001690473571314804,-0.003465260538572835,-0.4379728240627665,-0.8989799439648193,0.17287766032536447,2.016332846763169e-05,0.0
824.761,24740,odom,base_footprint,1.3883384095722395,-1.472640700923064,-0.0010016798075622654,0.0016883370809592198,-0.003465931659786469,-0.4360448787802902,-0.8999166631000409,0.1646416932948118,2.2342723050530755e-05,0.0
824.805,24741,odom,base_footprint,1.3917344923884438,-1.4683659186477738,-0.0010021095272173888,0.001680874660873648,-0.003473099218060696,-0.4331420177598692,-0.9013174272658357,0.1588349017317368,4.3785864147730114e-05,0.0
824.822,24742,odom,base_footprint,1.3948819522299358,-1.464461691011192,-0.001002077001037223,0.0016664818142142776,-0.003479830534816054,-0.42940141102480706,-0.9031054987252135,0.14832905234074817,5.9636403426904794e-05,0.0
824.864,24743,odom,base_footprint,1.3979119143082936,-1.460764078761894,-0.0010021252599467026,0.001655172234122544,-0.0034858941111252776,-0.4263072324464708,-0.9045702031964972,0.14127210271528223,3.3267437098694064e-05,0.0
824.908,24744,odom,base_footprint,1.4010259606593662,-1.4569968266692868,-0.0010010695452426915,0.0016471203904272558,-0.0034795618475459687,-0.42633469979373645,-0.9045572969113417,0.14829916308209204,-4.39435974517316e-05,0.0
824.952,24745,odom,base_footprint,1.4041890888355208,-1.4531534015311864,-0.0010015206599175777,0.0016550608528856073,-0.003480297475281174,-0.4275648508252223,-0.9039764635441911,0.15150225183981095,-2.7334013330243545e-05,0.0
825.0,24746,odom,base_footprint,1.4073573431260837,-1.4492839833919133,-0.0010015159278915636,0.0016591800446851225,-0.0034785263112183723,-0.4286793233561899,-0.9034484958774135,0.15155304270412473,-2.7028425169758896e-05,0.0
825.001,24747,odom,base_footprint,1.4108307049001796,-1.4450172827017318,-0.0010009729910133817,0.0016593809186270852,-0.0034720547581363107,-0.43021840602619993,-0.9027166301819188,0.17174294987625333,-3.921436761634978e-05,0.0
825.045,24748,odom,base_footprint,1.4146062718048313,-1.4403439427441767,-0.0010011183541760171,0.0016660376637095467,-0.00347015322991015,-0.43192162051226834,-0.9019029305247434,0.1919091786655695,-4.1794525044408504e-05,0.0
825.055,24749,odom,base_footprint,1.4187519475765848,-1.4351777104948493,-0.0010015649741174915,0.0016739044137952066,-0.0034714534469033314,-0.4333082649652515,-0.9012375350415577,0.20602603102241718,-6.260294380965037e-05,0.0
825.096,24750,odom,base_footprint,1.4229190504367022,-1.4299396320102875,-0.0010015403062446741,0.001684418524369727,-0.003466891342916073,-0.4357999735698059,-0.9000352917720548,0.1943800378899107,-5.906385709014694e-05,0.0
825.14,24751,odom,base_footprint,1.4269106954050408,-1.4248609332789033,-0.001001733339745868,0.001694957326808895,-0.003463578171137721,-0.43856487388540294,-0.8986912607451979,0.19651674008262054,-4.4654892411552516e-05,0.0
825.184,24752,odom,base_footprint,1.4308779980614919,-1.4197465768194704,-0.0010011311756137758,0.001708266657323708,-0.0034513674838985847,-0.441399249837561,-0.8973025532842068,0.19563301453071338,-4.813200004373519e-05,0.0
825.232,24753,odom,base_footprint,1.4347027960926078,-1.4147439104897908,-0.0010018146095439953,0.001722625853260216,-0.003452770680971799,-0.4457633035323918,-0.8951425518646086,0.17546110855894836,-0.00014277951530768107,0.0
825.232,24754,odom,base_footprint,1.4379492152377902,-1.4103911232677906,-0.0010017192860091693,0.0017464392756787622,-0.003440841839220319,-0.452101062734541,-0.8919583732616632,0.1540439573470619,-0.00017186451663879498,0.0
825.276,24755,odom,base_footprint,1.4407011358604316,-1.406580299574201,-0.0010017092078104667,0.0017752950119213295,-0.0034251741017749526,-0.4596240795595978,-0.8881051863371736,0.13178257784346617,-0.00016946248759806826,0.0
825.289,24756,odom,base_footprint,1.443431752182743,-1.4026556759857722,-0.0010013167656147577,0.0018075954806114375,-0.0033994284110019737,-0.46697233865784693,-0.8842635418321159,0.14916229957784358,-0.00016341079141382608,0.0
825.332,24757,odom,base_footprint,1.4463383161634462,-1.3983350371559078,-0.0010014647309787988,0.0018348555891937411,-0.0033860335088413793,-0.47373166350007617,-0.8806608195437643,0.16583295536283177,-0.00018805149824245582,0.0
825.376,24758,odom,base_footprint,1.4494347469896138,-1.3935717285822633,-0.0010017979956167197,0.0018625694199056575,-0.0033752507162417705,-0.48067575791499434,-0.8768899328140359,0.17591643817419822,-0.00014273409450780983,0.0
825.42,24759,odom,base_footprint,1.4525053501984642,-1.388703493579672,-0.0010015678594704064,0.0018753914047056894,-0.0033690238217118956,-0.4848247031456128,-0.8746028468998579,0.16158854192249647,-2.169995366586852e-05,0.0
825.464,24760,odom,base_footprint,1.455360440841566,-1.384105062475124,-0.0010019951235411377,0.001889460631815504,-0.0033627101806500107,-0.4874849014275721,-0.8731228968472378,0.16441344816761633,-4.2471478007108376e-05,0.0
825.464,24761,odom,base_footprint,1.4581866475349123,-1.37949003406506,-0.0010008912743211355,0.0018906148602560167,-0.0033534295432049205,-0.4902149863951458,-0.8715930513716569,0.1639658018640373,-5.617091164694665e-05,0.0
825.508,24762,odom,base_footprint,1.4611100123665268,-1.3746438866894233,-0.0010008701168131122,0.0019018830103312628,-0.003346550710932306,-0.49328233030237584,-0.8698607509543191,0.1681435957970436,-5.2777159435121734e-05,0.0
825.522,24763,odom,base_footprint,1.4639912339162904,-1.3697975561092075,-0.0010008885362590182,0.0019103237584489527,-0.003341638922257957,-0.49558695669971664,-0.8685497984926164,0.17390996599498557,-2.839771651681755e-05,0.0
825.564,24764,odom,base_footprint,1.466974169424114,-1.3647324712134214,-0.0010009588228035333,0.001914554494914542,-0.0033395524124196023,-0.49671865734865567,-0.8679030805985882,0.18256723541685782,-5.524423124639299e-06,0.0
825.608,24765,odom,base_footprint,1.4699105714608942,-1.3597279448199349,-0.0010018514442316426,0.0019288372204900519,-0.0033416931381225284,-0.4974017364219189,-0.8675117435968275,0.15942746037260094,-3.15812041715019e-05,0.0
825.652,24766,odom,base_footprint,1.4726938246289356,-1.354964778084589,-0.001001285752292646,0.001920694728770388,-0.00333875151326129,-0.49781576225773183,-0.8672742533465668,0.1734608516161264,1.8475526555997157e-05,0.0
825.696,24767,odom,base_footprint,1.4755833872403012,-1.350022135959684,-0.0010016571749104745,0.001922227018036128,-0.003342122760272336,-0.49740742226684387,-0.867508496518968,0.17348089633302566,2.0883684669570357e-05,0.0
825.696,24768,odom,base_footprint,1.478369049814568,-1.3452551539236166,-0.0010015168712172937,0.0019320632804334542,-0.003336612465260154,-0.4986544028822745,-0.8667923168988401,0.15209247270720364,-8.245558493447103e-05,0.0
825.74,24769,odom,base_footprint,1.4809600191252492,-1.3407831999214181,-0.0010019193920024379,0.0019307842941751613,-0.003339916405249398,-0.49974445810074525,-0.8661642994420907,0.15769717263945723,-2.7848214005643523e-07,0.0
825.755,24770,odom,base_footprint,1.4835349098541426,-1.336328367866401,-0.0010014620073370492,0.0019320563150199517,-0.003334706491404575,-0.49971463788574727,-0.8661815211453824,0.15415057663417564,7.8247661663422e-06,0.0
825.796,24771,odom,base_footprint,1.486151065925001,-1.3318128919700423,-0.001001511490622265,0.0019284580661705687,-0.0033370578487453982,-0.4988565336088602,-0.8666760086503799,0.15362218452129975,1.861917557299808e-05,0.0
825.84,24772,odom,base_footprint,1.4887002508037928,-1.327432921973669,-0.0010015037729174218,0.001925481509064131,-0.0033385325794513024,-0.4980304935264094,-0.8671509523946885,0.1535742597737915,2.042342501273886e-05,0.0
825.884,24773,odom,base_footprint,1.4912580755602407,-1.3230573114794766,-0.0010015225063373621,0.0019226870019837209,-0.0033402650598771625,-0.4972017246678733,-0.8676264120526267,0.15360061530780966,2.0665839132724684e-05,0.0
825.931,24774,odom,base_footprint,1.4936781937389518,-1.3189334629547138,-0.0010011951441664252,0.0019180033851951468,-0.003341396427419673,-0.49658990515444756,-0.8679767407204101,0.12973269985948369,1.3434106352815112e-05,0.0
825.931,24775,odom,base_footprint,1.4959494562971638,-1.3150730142520721,-0.0010015610857144717,0.001919130019630789,-0.0033425903497746666,-0.496179075478178,-0.868211649937584,0.13710735859145518,1.1523647305992923e-05,0.0
825.975,24776,odom,base_footprint,1.4982480637443936,-1.3111758122760089,-0.0010016357528044098,0.0019178638861260023,-0.003343890813081732,-0.49569686909702554,-0.8684870489303517,0.137121187126889,9.17721589592524e-06,0.0
825.989,24777,odom,base_footprint,1.5006276254583146,-1.307156237777031,-0.0010016940869149692,0.0019146108590740699,-0.0033462124171027346,-0.49470977941904093,-0.8690496943644141,0.13741615013752012,2.0259316897155988e-05,0.0
826.031,24778,odom,base_footprint,1.5029462687385287,-1.3032597052115473,-0.0010017506493969104,0.0019113528155057472,-0.003348504188129586,-0.49374422675276214,-0.8695986274129195,0.1374014959396999,2.0109036802613833e-05,0.0
826.079,24779,odom,base_footprint,1.5052731736330724,-1.2993689709652336,-0.0010018178504855452,0.0019081806395891234,-0.003350848615485962,-0.49278321670245323,-0.8701435697610975,0.13736838759573824,1.788854315110111e-05,0.0
826.127,24780,odom,base_footprint,1.5076197248205387,-1.2954661016535585,-0.0010017708981551673,0.0019036841824030628,-0.0033532881496414328,-0.49176994624952974,-0.8707166309488146,0.1324839299594875,3.4564046526575076e-06,0.0
826.127,24781,odom,base_footprint,1.509870675054277,-1.2917385303185647,-0.0010017206214699564,0.0019007209074771826,-0.003354562499893573,-0.4910881595121996,-0.8711013452850287,0.131409512017614,2.5610510361262495e-05,0.0
826.171,24782,odom,base_footprint,1.512119381014522,-1.2880263751582774,-0.0010010463322859472,0.001892710571324739,-0.0033533813242305004,-0.4904771318414521,-0.8714455551673725,0.13206262794422502,2.3096771598063448e-05,0.0
826.189,24783,odom,base_footprint,1.5143235908479245,-1.2844095661629007,-0.0010021179808413216,0.0018959995724724535,-0.0033608638613613984,-0.4889068774058328,-0.8723274471235011,0.12038947886671424,1.6881626747240752e-05,0.0
826.231,24784,odom,base_footprint,1.5163243681851892,-1.2811474507960952,-0.0010014911317819224,0.0018869424397517016,-0.003360525911689696,-0.4880263305840776,-0.8728203978886302,0.11281954623323213,1.682194137520715e-05,0.0
826.275,24785,odom,base_footprint,1.5182830227544823,-1.2779642413393173,-0.0010016321876307119,0.001886459721405046,-0.003361745227418463,-0.48757840384304585,-0.873070695903037,0.11329596273760545,4.433758988661718e-06,0.0
826.323,24786,odom,base_footprint,1.5204415607939241,-1.2744614534183647,-0.0010016758270387609,0.0018855973786552744,-0.003361909912912263,-0.48773413602128846,-0.8729837081205071,0.12725599409188948,-2.257219685820877e-05,0.0
826.323,24787,odom,base_footprint,1.522642293812243,-1.2708791305192473,-0.001001618772470625,0.00188985494677522,-0.003359859051872469,-0.48866678084765314,-0.8724619860437609,0.12739877330210073,-2.154754902924244e-05,0.0
826.367,24788,odom,base_footprint,1.5248353160488413,-1.2672920864608002,-0.0010016192101514887,0.0018930742799188355,-0.003358134123342549,-0.4895966640215497,-0.871940505874082,0.12740987695797806,-2.0859225931459113e-05,0.0
826.389,24789,odom,base_footprint,1.5269643039112233,-1.2637929532397645,-0.001001296906749903,0.0018969548716817192,-0.0033535723071872344,-0.49010678228144183,-0.8716538860561149,0.11604011455957783,1.4532067363223766e-05,0.0
826.431,24790,odom,base_footprint,1.5289078295046028,-1.2606024926446042,-0.0010016247157611097,0.001891240674507048,-0.003359170828209822,-0.4891964685583393,-0.8721650957990166,0.11248729533663596,2.246977223784724e-05,0.0
826.479,24791,odom,base_footprint,1.5308461017070019,-1.2574376632255906,-0.0010016947160612216,0.0018869321497669014,-0.0033624000145337446,-0.4881313633066348,-0.8727616546970945,0.11245995134952202,2.2956638032957388e-05,0.0
826.523,24792,odom,base_footprint,1.5326491942769205,-1.2545041820717493,-0.00100156169623564,0.0018940887840789289,-0.0033587436725881774,-0.48870309668413126,-0.8724416396298154,0.09079826327425738,-6.069722107063941e-05,0.0
826.523,24793,odom,base_footprint,1.5340270813163444,-1.2522421855883246,-0.0010015403767113656,0.001908636628750209,-0.0033502591672605717,-0.4925233483785784,-0.8702906894662753,0.07039236884534172,-0.00012520943321617933,0.0
826.571,24794,odom,base_footprint,1.5350384199842804,-1.2505394621243495,-0.0010015408236313458,0.0019362051203465228,-0.0033343934914286887,-0.49969412522831835,-0.866193346858588,0.0502159831973655,-0.00017304302851242973,0.0
826.589,24795,odom,base_footprint,1.5359783455855625,-1.2488880611357318,-0.0010007496554251608,0.001955508111833218,-0.0033126491660466755,-0.5065030072702793,-0.8622296132525783,0.061578214641946516,-9.586338462871241e-05,0.0
826.631,24796,odom,base_footprint,1.5370634065248125,-1.2469259245609723,-0.0010007719102259477,0.00196590810492133,-0.0033063775010757595,-0.5091524594980893,-0.8606677500988344,0.07422839610163728,-4.094360314198242e-06,0.0
826.675,24797,odom,base_footprint,1.5383563904324844,-1.2445732462475334,-0.0010008607560463602,0.001962798564403729,-0.0033087982342512555,-0.5081556379755503,-0.8612566672425255,0.0884323743742175,6.594265007037192e-05,0.0
826.719,24798,odom,base_footprint,1.5398538341624768,-1.2418805658342353,-0.0010011056542149482,0.0019535026311483126,-0.0033179008764613843,-0.5051661961054503,-0.863013493332285,0.09164711306555948,6.453342533211531e-05,0.0
826.763,24799,odom,base_footprint,1.541366124868501,-1.2392024156830102,-0.0010010979115197098,0.0019441985026508375,-0.003323063489124876,-0.5027472858752402,-0.8644248630657896,0.09494191418485842,5.62096940639259e-05,0.0
826.763,24800,odom,base_footprint,1.5429587935583313,-1.2364137650905713,-0.0010011049692072102,0.0019381180789284557,-0.003326465932943504,-0.5011488908832639,-0.8653525105349748,0.09981741481566642,3.1342802180686635e-05,0.0
826.807,24801,odom,base_footprint,1.5446402270110957,-1.2334894978431306,-0.001001482791301269,0.0019346649607880325,-0.003332878912112404,-0.5002672051198428,-0.8658625020586282,0.09921633550317763,1.924400522005515e-05,0.0
826.822,24802,odom,base_footprint,1.546445069109995,-1.2303692524819718,-0.0010011867956690665,0.0019284299936652516,-0.0033309044419762546,-0.4985506194626476,-0.8668520439306631,0.11875356150341382,5.707634072193296e-05,0.0
826.863,24803,odom,base_footprint,1.5484691519641192,-1.2269085514672233,-0.0010015549580952403,0.0019203430282765132,-0.0033417231478139915,-0.49632028635262865,-0.8681309339747673,0.12182279657247892,4.884633676315031e-05,0.0
826.907,24804,odom,base_footprint,1.5506211025360397,-1.2232625027434803,-0.001001597759847088,0.001917971272922793,-0.0033439269820549804,-0.49560285875292853,-0.8685406990662324,0.12764640028590998,-1.9361526690103714e-06,0.0
826.951,24805,odom,base_footprint,1.5527639159361564,-1.2196365613871614,-0.001001632949164534,0.0019182404873531159,-0.0033434974022355907,-0.49558485707573324,-0.8685509719157414,0.12764487994106877,-2.0704961334327976e-07,0.0
826.995,24806,odom,base_footprint,1.5549069935587725,-1.21601051317899,-0.0010016787433166849,0.001918517456757422,-0.00334370196170962,-0.49556889058669956,-0.868560080610793,0.12764534173211206,-1.2257226500930751e-06,0.0
826.995,24807,odom,base_footprint,1.5569443943487873,-1.21256990657007,-0.0010017872721633098,0.0019142841392136387,-0.003347174773798982,-0.49424527644957,-0.8693139471126389,0.11320285594151916,4.228776943634993e-05,0.0
827.039,24808,odom,base_footprint,1.5588613301762002,-1.2093634162222466,-0.0010017801920035978,0.0019062002509587061,-0.0033515745511059365,-0.49221507632138223,-0.8704650779845033,0.11320433549956826,5.293037242007359e-05,0.0
827.055,24809,odom,base_footprint,1.560792542371764,-1.2061666510865277,-0.001001848906722936,0.0018987068571933174,-0.003356412627497222,-0.4901883205769161,-0.871608019568732,0.11316240604188973,5.6675489692993575e-05,0.0
827.102,24810,odom,base_footprint,1.5628925434235157,-1.202720318423297,-0.0010020157588380638,0.0018971288858062097,-0.0033585083218036237,-0.48945542166753253,-0.8720197884934155,0.12120474902306863,1.573158275688935e-05,0.0
827.146,24811,odom,base_footprint,1.5649682191924088,-1.1993180299400763,-0.0010009154844495827,0.001887820653165702,-0.003355188713768631,-0.4894472143705927,-0.8720244280906032,0.12061879145860743,4.76154747476587e-06,0.0
827.19,24812,odom,base_footprint,1.5670524663239922,-1.195902134198135,-0.0010008856003917675,0.0018869922529817877,-0.0033552843441596813,-0.48936065656881594,-0.8720730067659157,0.12224235767857544,1.3133357817635138e-05,0.0
827.19,24813,odom,base_footprint,1.5692929931177808,-1.1922278906042743,-0.0010017603583880354,0.0018962415869792613,-0.0033575075212580064,-0.4899660847860103,-0.8717329678121373,0.12765039844650444,-1.894990321377188e-05,0.0
827.234,24814,odom,base_footprint,1.5714803875125485,-1.188627196540215,-0.001001652361764891,0.0018980620785376031,-0.003355452272611158,-0.49073427572914247,-0.8713007568715789,0.1276785163299737,-1.927111528590708e-05,0.0
827.255,24815,odom,base_footprint,1.5736616728575534,-1.1850222922773115,-0.00100164387941315,0.0019007405565139583,-0.003353950645399048,-0.49150254536285093,-0.8708676053811186,0.12768496384303687,-1.799101939441855e-05,0.0
827.298,24816,odom,base_footprint,1.5757016711762422,-1.1816370818992292,-0.0010019425933277398,0.0019099021217148003,-0.003353161166919979,-0.49226318756095017,-0.8704378569182334,0.10532515448989264,-2.626486506084047e-06,0.0
827.342,24817,odom,base_footprint,1.5772961163952028,-1.1789797002111757,-0.001001926533924162,0.001914205515253497,-0.0033505161247561867,-0.4932689882559578,-0.8698682745587902,0.08306918837994777,-3.416090575843189e-05,0.0
827.39,24818,odom,base_footprint,1.5785049809509268,-1.1769547672292313,-0.0010019193207990405,0.0019202381145382698,-0.0033470641431640417,-0.49486024796585476,-0.868964006636856,0.06046561577785582,-4.4034669551409195e-05,0.0
827.39,24819,odom,base_footprint,1.57934306010453,-1.1755388808683245,-0.001001916076106349,0.0019294004427855048,-0.0033417483800257056,-0.49723861938295294,-0.8676052475209165,0.03699799939124975,-5.891268830493859e-05,0.0
827.434,24820,odom,base_footprint,1.5797649111534757,-1.1748179423950833,-0.001001442001408566,0.0019368633482496399,-0.0033329108697456064,-0.5002594578756415,-0.8658669730804344,0.015245136803380258,-6.704928372835029e-05,0.0
827.455,24821,odom,base_footprint,1.5799264687160572,-1.1745384602787274,-0.0010014242412460725,0.0019446157368108866,-0.0033274798540154286,-0.5022485270892981,-0.8647147294825548,0.0045617383821564385,-1.2277777563784835e-05,0.0
827.502,24822,odom,base_footprint,1.579941227967084,-1.174512711085159,-0.0010016669183529267,0.0019437952062803516,-0.00332919690160886,-0.5024492529735628,-0.8645981068071427,-1.577974519013301e-06,4.860998160345465e-07,0.0
827.546,24823,odom,base_footprint,1.5799412100849473,-1.1745127712900658,-0.001001671844679107,0.0019438692530809557,-0.0033292306476003885,-0.502467573488909,-0.8645874595365063,-1.6663888576717598e-06,8.75491602538754e-08,0.0
827.59,24824,odom,base_footprint,1.5799411743768017,-1.1745128654224584,-0.0010016723744824436,0.001943909450625969,-0.0033292248668002843,-0.5024859003960999,-0.8645768082599458,-2.6986655068451984e-06,-2.7141467098615463e-07,0.0
827.59,24825,odom,base_footprint,1.5799411210937084,-1.174512991991851,-0.0010016716584441247,0.0019439400452477132,-0.0033292102604430144,-0.5025047796724238,-0.8645658354703307,-3.7098625605714757e-06,-3.557726769764342e-07,0.0
827.634,24826,odom,base_footprint,1.579941054732132,-1.1745131409875826,-0.0010016706679269113,0.0019439683363931468,-0.0033291934535330248,-0.5025230966195706,-0.8645551889971709,-4.557459527721432e-06,-4.1304936635564694e-07,0.0
827.655,24827,odom,base_footprint,1.5799409749713973,-1.1745133137099943,-0.0010016698620014287,0.0019439996459549211,-0.0033291759635889506,-0.5025414044315091,-0.8645445473107712,-5.356054976361858e-06,-4.763588629223302e-07,0.0
827.697,24828,odom,base_footprint,1.5799408795329641,-1.1745135151235893,-0.001001669059451548,0.0019440337309450332,-0.003329156770353894,-0.5025602605680781,-0.8645335863607596,-6.1359803167541875e-06,-5.492821430770619e-07,0.0
827.745,24829,odom,base_footprint,1.5799407747638825,-1.1745137320858243,-0.0010016679313059537,0.0019440664927769795,-0.003329135204955736,-0.502578564418165,-0.8645229459370268,-6.846968133525551e-06,-6.309992901926989e-07,0.0
827.79,24830,odom,base_footprint,1.5799406591693432,-1.1745139682639536,-0.0010016659404242859,0.0019440972881042667,-0.0033291070197193047,-0.5025968856086196,-0.8645122949436298,-7.489359556237921e-06,-7.177144291339477e-07,0.0
827.79,24831,odom,base_footprint,1.579940521513277,-1.1745142305085072,-0.001001664931315236,0.0019441394605916897,-0.0033290791164756997,-0.5026157408061217,-0.8645013329358767,-8.147201939216085e-06,5.678419938934411e-07,0.0
827.834,24832,odom,base_footprint,1.5799403754800816,-1.1745144927116975,-0.0010016639887173787,0.0019441900387191947,-0.0033290449093820846,-0.5026340483250407,-0.8644906888159442,-8.517238849144295e-06,5.594695103782091e-07,0.0
827.855,24833,odom,base_footprint,1.5799402240893048,-1.1745147657029158,-0.0010016631476191251,0.0019442417678594396,-0.0033290107528227814,-0.5026523637326179,-0.8644800395875938,-8.873568630232974e-06,5.554155698054964e-07,0.0
827.898,24834,odom,base_footprint,1.579940062666384,-1.1745150577665289,-0.0010016623943273975,0.0019442962774133706,-0.003328975679702539,-0.5026712405899645,-0.8644690633658648,-9.22651759291839e-06,5.539951148936409e-07,0.0
827.942,24835,odom,base_footprint,1.579939900862359,-1.1745153512788515,-0.0010016617728281427,0.0019443502876890393,-0.0033289418074512788,-0.5026895668857952,-0.8644584067452715,-9.555709917430007e-06,5.56626917753529e-07,0.0
827.986,24836,odom,base_footprint,1.5799397341423815,-1.1745156542631094,-0.0010016612458111883,0.0019444052340704286,-0.003328908092909369,-0.5027078965076565,-0.8644477476678636,-9.872281710809868e-06,5.630395988202881e-07,0.0
828.029,24837,odom,base_footprint,1.5799395573634374,-1.1745159759019577,-0.0010016607632957926,0.0019444625570663565,-0.0033288733676810353,-0.5027267844373177,-0.8644367633764664,-1.0184696277911327e-05,5.735888166239583e-07,0.0
828.029,24838,odom,base_footprint,1.579939381065033,-1.1745162968691127,-0.0010016603125188456,0.0019445184995980763,-0.003328839589628119,-0.5027451196899185,-0.864426099966192,-1.0480847361888032e-05,5.757105251693772e-07,0.0
828.073,24839,odom,base_footprint,1.5799392004798145,-1.1745166267746134,-0.0010016599223056574,0.0019445746903752588,-0.0033288061905237354,-0.5027634553618499,-0.8644154357895473,-1.077790913770906e-05,5.489284405175843e-07,0.0
828.089,24840,odom,base_footprint,1.5799390102437578,-1.174516975923838,-0.001001659537256245,0.0019446331067294366,-0.0033287715214736155,-0.5027823465423877,-0.864404447979977,-1.10738340124895e-05,5.221675853284484e-07,0.0
828.129,24841,odom,base_footprint,1.579938821673849,-1.1745173234885071,-0.0010016591794688133,0.0019446903036956966,-0.003328737623405538,-0.5028006820237333,-0.8643937828570528,-1.1351397869218691e-05,4.97215315893302e-07,0.0
828.173,24842,odom,base_footprint,1.5799386293528483,-1.1745176793306602,-0.0010016588368424555,0.0019447479757878643,-0.0033287034879631826,-0.5028190174864847,-0.8643831172242584,-1.1619929552022705e-05,4.7335251849561795e-07,0.0
828.221,24843,odom,base_footprint,1.5799384274058597,-1.1745180543227576,-0.0010016584987601537,0.0019448078766864051,-0.0033286680734122167,-0.5028379085900119,-0.8643721278338414,-1.188732458979503e-05,4.498300478020705e-07,0.0
828.265,24844,odom,base_footprint,1.5799382278278056,-1.1745184261303894,-0.0010016581847394623,0.0019448664712495769,-0.003328633468445608,-0.502856244129041,-0.864361461099508,-1.2138034571179142e-05,4.2796929156631147e-07,0.0
828.265,24845,odom,base_footprint,1.5799380248441852,-1.1745188053944973,-0.0010016578847429,0.001944925503742837,-0.0033285986443984403,-0.5028745797870523,-0.8643507937752154,-1.2380414468290306e-05,4.0713852529475283e-07,0.0
828.309,24846,odom,base_footprint,1.5799378122633108,-1.1745192036739736,-0.001001657589351057,0.0019449867742335296,-0.003328562534306836,-0.502893471258573,-0.8643398025449286,-1.2621371371405653e-05,3.8682240900522505e-07,0.0
828.322,24847,odom,base_footprint,1.5799376026925016,-1.1745195972737035,-0.0010016573156996916,0.0019450466731584745,-0.003328527264363829,-0.50291180733259,-0.8643291339213075,-1.2846800400397618e-05,3.682400006734602e-07,0.0
828.365,24848,odom,base_footprint,1.5799373900366687,-1.1745199975471363,-0.0010016570544961433,0.0019451069853128667,-0.003328491780645713,-0.5029301437123478,-0.8643184645989922,-1.3064086346165626e-05,3.509067629437176e-07,0.0
828.409,24849,odom,base_footprint,1.579937167807476,-1.1745204166567427,-0.0010016567983314566,0.0019451695565845546,-0.00332845499805469,-0.50294903612948,-0.8643074711924855,-1.327944084793427e-05,3.342687514794064e-07,0.0
828.453,24850,odom,base_footprint,1.5799369491899842,-1.1745208296999883,-0.0010016565620515512,0.0019452306927806588,-0.0033284190890715114,-0.5029673733431228,-0.8642968003274334,-1.3480498096790555e-05,3.18747818024002e-07,0.0
828.497,24851,odom,base_footprint,1.5799367278000966,-1.1745212486750733,-0.0010016563373409747,0.0019452922136420513,-0.0033283829808972818,-0.5029857110814185,-0.8642861286361455,-1.367394795008615e-05,3.042175482087158e-07,0.0
828.497,24852,odom,base_footprint,1.5799364968870546,-1.174521686289303,-0.0010016561177071948,0.0019453560043884964,-0.0033283455655562697,-0.5030046051372667,-0.864275132649618,-1.3865173056776864e-05,2.909413000253046e-07,0.0
828.541,24853,odom,base_footprint,1.579936270134877,-1.1745221165604207,-0.0010016559163634857,0.0019454183050925567,-0.0033283090528712866,-0.5030229441652103,-0.8642644591499935,-1.4043215152240036e-05,2.7859985394632084e-07,0.0
828.555,24854,odom,base_footprint,1.5799360408972984,-1.1745225520566036,-0.0010016557261039553,0.001945480969746477,-0.003328272353143495,-0.5030412839324055,-0.864253784699018,-1.4214191470040946e-05,2.667584202496766e-07,0.0
828.597,24855,odom,base_footprint,1.5799358022186383,-1.1745230059957772,-0.0010016555410506528,0.0019455458969156964,-0.003328234353068899,-0.5030601803001871,-0.864242785739978,-1.438363248435462e-05,2.5504692105008543e-07,0.0
828.641,24856,odom,base_footprint,1.579935568237439,-1.174523451470593,-0.0010016553717850825,0.0019456092544241626,-0.0033281972958562967,-0.5030785217840716,-0.8642321092316244,-1.4541417969520182e-05,2.441506334463077e-07,0.0
828.685,24857,odom,base_footprint,1.5799353320592178,-1.1745239015631173,-0.001001655212080125,0.0019456729341648588,-0.003328160070507333,-0.5030968642103897,-0.8642214316533994,-1.4692794759862354e-05,2.34223956173216e-07,0.0
828.729,24858,odom,base_footprint,1.5799350864900872,-1.1745243698968155,-0.0010016550574585247,0.0019457388893203914,-0.0033281215336391726,-0.5031157635309346,-0.8642104293480359,-1.4841814941116197e-05,2.2567163516936332e-07,0.0
828.729,24859,odom,base_footprint,1.5799348460608351,-1.1745248287178434,-0.0010016549174026168,0.0019458032336362764,-0.003328083961122459,-0.5031341080816856,-0.8641997494744896,-1.4980025894233762e-05,2.1775903559996318e-07,0.0
828.773,24860,odom,base_footprint,1.5799346036717818,-1.1745252915516013,-0.0010016547867679713,0.0019458678874749863,-0.003328046229508031,-0.5031524537665155,-0.8641890684191701,-1.5112198834089849e-05,2.1019517604201494e-07,0.0
828.789,24861,odom,base_footprint,1.5799343519795186,-1.174525772422644,-0.001001654661566525,0.0019459348095775455,-0.003328007195494973,-0.5031713566253467,-0.8641780624255812,-1.5242355023070977e-05,2.0275436818614698e-07,0.0
828.829,24862,odom,base_footprint,1.5799341058743144,-1.1745262428732077,-0.0010016545487407935,0.001946000049820275,-0.003327969162046197,-0.5031897047789985,-0.8641673788737267,-1.536310821712538e-05,1.9585648232770477e-07,0.0
828.873,24863,odom,base_footprint,1.5799338580602564,-1.1745267168301223,-0.0010016544440818523,0.0019460655595170892,-0.0033279309897314927,-0.5032080542254929,-0.8641566940473,-1.5478624850793825e-05,1.892644244684674e-07,0.0
828.917,24864,odom,base_footprint,1.5799336010288352,-1.1745272086562937,-0.0010016543443976192,0.0019461333235108948,-0.0033278915218477667,-0.5032269611182584,-0.8641456840757749,-1.559242055056913e-05,1.827781479277355e-07,0.0
828.961,24865,odom,base_footprint,1.5799333499731012,-1.174527689272277,-0.0010016542551856238,0.0019461993439574175,-0.003327853085966499,-0.5032453133336002,-0.8641349965773395,-1.5698034733739533e-05,1.7676538900165792e-07,0.0
828.961,24866,odom,base_footprint,1.579933097426048,-1.174528172955454,-0.0010016541730574861,0.0019462655991755605,-0.0033278145287622164,-0.5032636669792251,-0.8641243077238966,-1.5799108490475652e-05,1.710154543894599e-07,0.0
829.005,24867,odom,base_footprint,1.5799328357351592,-1.174528674364605,-0.0010016540955066489,0.0019463340966949195,-0.0033277746818197846,-0.5032825783353625,-0.8641132935231126,-1.5898717062074756e-05,1.6535661587875094e-07,0.0
829.022,24868,odom,base_footprint,1.5799325803577875,-1.1745291638763007,-0.001001654026777446,0.0019464007970846269,-0.003327735894218647,-0.503300935009524,-0.8641026018455762,-1.599120351992032e-05,1.6010786702082114e-07,0.0
829.065,24869,odom,base_footprint,1.5799323236568787,-1.1745296560702554,-0.0010016539629406213,0.00194646768441192,-0.0033276970029425795,-0.5033192932417566,-0.8640919087382017,-1.6080375787070907e-05,1.568125238452522e-07,0.0
829.108,24870,odom,base_footprint,1.579932057780668,-1.1745301658632374,-0.0010016539013683427,0.0019465367539095086,-0.0033276568480506527,-0.5033382094533025,-0.8640808900785335,-1.6169402982692663e-05,1.5448340602136568e-07,0.0
829.152,24871,odom,base_footprint,1.5799317984079309,-1.1745306631811254,-0.001001653845930775,0.0019466039390858207,-0.003327617796918316,-0.503356570949691,-0.8640701940089535,-1.6252976705995476e-05,1.5247793934273953e-07,0.0
829.2,24872,odom,base_footprint,1.57993153776165,-1.1745311628793176,-0.001001653794526547,0.0019466712787466086,-0.0033275786597177486,-0.5033749341060794,-0.8640594964496925,-1.6333414116453285e-05,1.5170630156670702e-07,0.0
829.2,24873,odom,base_footprint,1.5799312679104363,-1.174531680102674,-0.0010016537459587617,0.001946740816252112,-0.00332753825195821,-0.5033938554883433,-0.8640484731460136,-1.641340715958016e-05,1.5192220508537685e-07,0.0
829.248,24874,odom,base_footprint,1.5799310047391075,-1.1745321843358423,-0.0010016537024855957,0.0019468084377438782,-0.003327498963525017,-0.5034122220913873,-0.8640377725172472,-1.6488657517306422e-05,1.5264831216105564e-07,0.0
829.255,24875,odom,base_footprint,1.579930740366316,-1.1745326906888927,-0.0010016536626977525,0.0019468761825413552,-0.003327459610908869,-0.5034305904193688,-0.8640270703604567,-1.6561599114403097e-05,1.5334247728758432e-07,0.0
829.3,24876,odom,base_footprint,1.5799304667658975,-1.1745332145348601,-0.0010016536254245888,0.0019469461050253987,-0.0033274190007188268,-0.5034495171892441,-0.8640160422848495,-1.6634419819059718e-05,1.5402300152612227e-07,0.0
829.344,24877,odom,base_footprint,1.5799302000697295,-1.1745337249952272,-0.0010016535927340892,0.0019470140882236586,-0.0033273795237287254,-0.5034678890819981,-0.864005336988703,-1.670291406442777e-05,1.5465819754361077e-07,0.0
829.388,24878,odom,base_footprint,1.579929932272572,-1.1745342373822576,-0.0010016535629369869,0.0019470821752658768,-0.003327339990662475,-0.5034862627537441,-0.8639946301325355,-1.6769499641567847e-05,1.5598770232803758e-07,0.0
829.432,24879,odom,base_footprint,1.579929655227579,-1.1745347672499522,-0.0010016535351153773,0.0019471524241544231,-0.003327299207561451,-0.5035051950698615,-0.863983597190989,-1.6836296048927607e-05,1.5739072192001085e-07,0.0
829.432,24880,odom,base_footprint,1.5799293852612575,-1.1745352833801115,-0.001001653510843574,0.0019472207000771691,-0.003327259574872574,-0.5035235723805036,-0.8639728871512361,-1.6899427106422856e-05,1.5870310554636293e-07,0.0
829.48,24881,odom,base_footprint,1.5799291142698502,-1.1745358012823517,-0.0010016534891843648,0.0019472890653288108,-0.0033272198950583727,-0.503541951506806,-0.8639621755295677,-1.696093227238254e-05,1.5997090751244538e-07,0.0
829.489,24882,odom,base_footprint,1.5799288340235482,-1.1745363366841945,-0.0010016534695182662,0.001947359593149392,-0.003327178964784535,-0.5035608894913288,-0.8639511376492615,-1.7022652657302938e-05,1.6123268538133267e-07,0.0
829.532,24883,odom,base_footprint,1.5799285610341316,-1.1745368580458952,-0.001001653452895282,0.0019474281319137841,-0.0033271391930513655,-0.5035792723490573,-0.8639404227890111,-1.7080999286968856e-05,1.625477513451615e-07,0.0
829.576,24884,odom,base_footprint,1.5799282870905436,-1.174537381041807,-0.0010016534384470754,0.0019474967468178569,-0.0033270993806290604,-0.5035976570511281,-0.8639297063295988,-1.7137954253482224e-05,1.6412766997432182e-07,0.0
829.62,24885,odom,base_footprint,1.5799280038687302,-1.1745379215540712,-0.0010016534257355665,0.0019475675168194673,-0.0033270583212641367,-0.5036166008021465,-0.8639186634517083,-1.7195287914850246e-05,1.6570976849411818e-07,0.0
